,placeID,ave_rating,latitude,longitude,price,Rcuisine
0,135085,2.7,22.150802,-100.98268,medium,Fast_Food
1,135085,0.7,22.150802,-100.98268,medium,Fast_Food
2,135085,0.7,22.150802,-100.98268,medium,Fast_Food
3,135085,2.7,22.150802,-100.98268,medium,Fast_Food
4,135085,1.3,22.150802,-100.98268,medium,Fast_Food
5,135085,2.7,22.150802,-100.98268,medium,Fast_Food
6,135085,2.7,22.150802,-100.98268,medium,Fast_Food
7,135085,0.0,22.150802,-100.98268,medium,Fast_Food
8,135085,2.7,22.150802,-100.98268,medium,Fast_Food
9,135085,2.7,22.150802,-100.98268,medium,Fast_Food
10,135085,0.7,22.150802,-100.98268,medium,Fast_Food
11,135085,1.3,22.150802,-100.98268,medium,Fast_Food
12,135085,2.7,22.150802,-100.98268,medium,Fast_Food
13,135085,2.7,22.150802,-100.98268,medium,Fast_Food
14,135085,0.0,22.150802,-100.98268,medium,Fast_Food
15,135085,0.0,22.150802,-100.98268,medium,Fast_Food
16,135085,0.0,22.150802,-100.98268,medium,Fast_Food
17,135085,0.0,22.150802,-100.98268,medium,Fast_Food
18,135085,0.0,22.150802,-100.98268,medium,Fast_Food
19,135085,0.3,22.150802,-100.98268,medium,Fast_Food
20,135085,0.0,22.150802,-100.98268,medium,Fast_Food
21,135085,0.0,22.150802,-100.98268,medium,Fast_Food
22,135085,2.7,22.150802,-100.98268,medium,Fast_Food
23,135085,1.3,22.150802,-100.98268,medium,Fast_Food
24,135085,0.7,22.150802,-100.98268,medium,Fast_Food
25,135085,2.7,22.150802,-100.98268,medium,Fast_Food
26,135085,0.3,22.150802,-100.98268,medium,Fast_Food
27,135085,0.3,22.150802,-100.98268,medium,Fast_Food
28,135085,0.3,22.150802,-100.98268,medium,Fast_Food
29,135085,0.7,22.150802,-100.98268,medium,Fast_Food
30,135085,1.3,22.150802,-100.98268,medium,Fast_Food
31,135085,0.7,22.150802,-100.98268,medium,Fast_Food
32,135085,2.7,22.150802,-100.98268,medium,Fast_Food
33,135085,2.7,22.150802,-100.98268,medium,Fast_Food
34,135085,0.0,22.150802,-100.98268,medium,Fast_Food
35,135085,0.3,22.150802,-100.98268,medium,Fast_Food
36,132825,2.7,22.1473922,-100.983092,low,Mexican
37,132825,2.7,22.1473922,-100.983092,low,Mexican
38,132825,0.0,22.1473922,-100.983092,low,Mexican
39,132825,0.0,22.1473922,-100.983092,low,Mexican
40,132825,1.3,22.1473922,-100.983092,low,Mexican
41,132825,2.7,22.1473922,-100.983092,low,Mexican
42,132825,0.7,22.1473922,-100.983092,low,Mexican
43,132825,2.7,22.1473922,-100.983092,low,Mexican
44,132825,0.0,22.1473922,-100.983092,low,Mexican
45,132825,2.7,22.1473922,-100.983092,low,Mexican
46,132825,2.7,22.1473922,-100.983092,low,Mexican
47,132825,2.7,22.1473922,-100.983092,low,Mexican
48,132825,0.0,22.1473922,-100.983092,low,Mexican
49,132825,0.7,22.1473922,-100.983092,low,Mexican
50,132825,0.7,22.1473922,-100.983092,low,Mexican
51,132825,0.0,22.1473922,-100.983092,low,Mexican
52,132825,0.0,22.1473922,-100.983092,low,Mexican
53,132825,0.0,22.1473922,-100.983092,low,Mexican
54,132825,2.7,22.1473922,-100.983092,low,Mexican
55,132825,2.7,22.1473922,-100.983092,low,Mexican
56,132825,0.3,22.1473922,-100.983092,low,Mexican
57,132825,1.3,22.1473922,-100.983092,low,Mexican
58,132825,0.0,22.1473922,-100.983092,low,Mexican
59,132825,0.0,22.1473922,-100.983092,low,Mexican
60,132825,1.3,22.1473922,-100.983092,low,Mexican
61,132825,0.0,22.1473922,-100.983092,low,Mexican
62,132825,0.7,22.1473922,-100.983092,low,Mexican
63,132825,0.0,22.1473922,-100.983092,low,Mexican
64,132825,0.0,22.1473922,-100.983092,low,Mexican
65,132825,0.7,22.1473922,-100.983092,low,Mexican
66,132825,0.3,22.1473922,-100.983092,low,Mexican
67,132825,0.0,22.1473922,-100.983092,low,Mexican
68,135060,1.3,22.156882999999997,-100.97848499999999,medium,Seafood
69,135060,1.3,22.156882999999997,-100.97848499999999,medium,Seafood
70,135060,0.0,22.156882999999997,-100.97848499999999,medium,Seafood
71,135060,0.0,22.156882999999997,-100.97848499999999,medium,Seafood
72,135060,0.7,22.156882999999997,-100.97848499999999,medium,Seafood
73,135060,0.0,22.156882999999997,-100.97848499999999,medium,Seafood
74,135060,0.0,22.156882999999997,-100.97848499999999,medium,Seafood
75,135060,0.3,22.156882999999997,-100.97848499999999,medium,Seafood
76,135060,1.3,22.156882999999997,-100.97848499999999,medium,Seafood
77,135060,2.7,22.156882999999997,-100.97848499999999,medium,Seafood
78,135060,0.3,22.156882999999997,-100.97848499999999,medium,Seafood
79,135060,2.7,22.156882999999997,-100.97848499999999,medium,Seafood
80,135060,2.7,22.156882999999997,-100.97848499999999,medium,Seafood
81,135060,2.7,22.156882999999997,-100.97848499999999,medium,Seafood
82,135060,0.3,22.156882999999997,-100.97848499999999,medium,Seafood
83,135060,0.0,22.156882999999997,-100.97848499999999,medium,Seafood
84,135060,2.7,22.156882999999997,-100.97848499999999,medium,Seafood
85,135060,1.3,22.156882999999997,-100.97848499999999,medium,Seafood
86,135060,0.3,22.156882999999997,-100.97848499999999,medium,Seafood
87,135060,0.0,22.156882999999997,-100.97848499999999,medium,Seafood
88,135060,0.0,22.156882999999997,-100.97848499999999,medium,Seafood
89,135060,0.0,22.156882999999997,-100.97848499999999,medium,Seafood
90,135104,0.7,23.752982100000004,-99.16843409999998,medium,Mexican
91,135104,0.0,23.752982100000004,-99.16843409999998,medium,Mexican
92,135104,0.0,23.752982100000004,-99.16843409999998,medium,Mexican
93,135104,2.7,23.752982100000004,-99.16843409999998,medium,Mexican
94,135104,0.7,23.752982100000004,-99.16843409999998,medium,Mexican
95,135104,0.0,23.752982100000004,-99.16843409999998,medium,Mexican
96,135104,0.7,23.752982100000004,-99.16843409999998,medium,Mexican
97,132740,0.0,23.7521965,-99.16663170000001,low,Mexican
98,132740,0.7,23.7521965,-99.16663170000001,low,Mexican
99,132740,0.3,23.7521965,-99.16663170000001,low,Mexican
100,132740,1.3,23.7521965,-99.16663170000001,low,Mexican
101,132740,0.0,23.7521965,-99.16663170000001,low,Mexican
102,132740,0.0,23.7521965,-99.16663170000001,low,Mexican
103,132740,0.3,23.7521965,-99.16663170000001,low,Mexican
104,132740,0.7,23.7521965,-99.16663170000001,low,Mexican
105,132663,0.3,23.7525107,-99.1669536,low,Mexican
106,132663,0.0,23.7525107,-99.1669536,low,Mexican
107,132663,0.0,23.7525107,-99.1669536,low,Mexican
108,132663,0.0,23.7525107,-99.1669536,low,Mexican
109,132663,0.0,23.7525107,-99.1669536,low,Mexican
110,132663,0.7,23.7525107,-99.1669536,low,Mexican
111,132732,0.0,23.754356899999998,-99.171288,low,Mexican
112,132732,1.3,23.754356899999998,-99.171288,low,Mexican
113,132732,0.0,23.754356899999998,-99.171288,low,Mexican
114,132732,0.0,23.754356899999998,-99.171288,low,Mexican
115,132732,0.3,23.754356899999998,-99.171288,low,Mexican
116,132732,0.0,23.754356899999998,-99.171288,low,Mexican
117,132732,1.3,23.754356899999998,-99.171288,low,Mexican
118,132732,0.3,23.754356899999998,-99.171288,low,Mexican
119,132630,0.3,23.752930499999998,-99.1644725,low,Mexican
120,132630,0.0,23.752930499999998,-99.1644725,low,Mexican
121,132630,0.0,23.752930499999998,-99.1644725,low,Mexican
122,132630,0.3,23.752930499999998,-99.1644725,low,Mexican
123,132630,2.7,23.752930499999998,-99.1644725,low,Mexican
124,132630,0.3,23.752930499999998,-99.1644725,low,Mexican
125,132584,2.7,23.752364800000002,-99.16528790000001,medium,Mexican
126,132584,0.7,23.752364800000002,-99.16528790000001,medium,Mexican
127,132584,2.7,23.752364800000002,-99.16528790000001,medium,Mexican
128,132584,0.0,23.752364800000002,-99.16528790000001,medium,Mexican
129,132584,0.7,23.752364800000002,-99.16528790000001,medium,Mexican
130,132584,0.0,23.752364800000002,-99.16528790000001,medium,Mexican
131,132733,0.3,23.752707100000002,-99.1625655,medium,Pizzeria
132,132733,2.7,23.752707100000002,-99.1625655,medium,Pizzeria
133,132733,2.7,23.752707100000002,-99.1625655,medium,Pizzeria
134,132733,1.3,23.752707100000002,-99.1625655,medium,Pizzeria
135,132733,0.7,23.752707100000002,-99.1625655,medium,Pizzeria
136,132733,2.7,23.752707100000002,-99.1625655,medium,Pizzeria
137,132733,0.3,23.752707100000002,-99.1625655,medium,Pizzeria
138,132733,0.0,23.752707100000002,-99.1625655,medium,Pizzeria
139,132733,0.3,23.752707100000002,-99.1625655,medium,Pizzeria
140,132733,0.0,23.752707100000002,-99.1625655,medium,Pizzeria
141,132560,0.0,23.752304100000003,-99.16691329999999,low,Regional
142,132560,0.0,23.752304100000003,-99.16691329999999,low,Regional
143,132560,0.0,23.752304100000003,-99.16691329999999,low,Regional
144,132560,0.7,23.752304100000003,-99.16691329999999,low,Regional
145,132613,2.7,23.7529035,-99.165076,medium,Mexican
146,132613,0.0,23.7529035,-99.165076,medium,Mexican
147,132613,0.0,23.7529035,-99.165076,medium,Mexican
148,132613,0.7,23.7529035,-99.165076,medium,Mexican
149,132613,2.7,23.7529035,-99.165076,medium,Mexican
150,132613,0.3,23.7529035,-99.165076,medium,Mexican
151,132667,1.3,23.7526973,-99.1633594,low,Armenian
152,132667,0.7,23.7526973,-99.1633594,low,Armenian
153,132667,0.7,23.7526973,-99.1633594,low,Armenian
154,132667,1.3,23.7526973,-99.1633594,low,Armenian
155,135088,2.7,18.876011300000002,-99.2198896,low,Cafeteria
156,135088,0.0,18.876011300000002,-99.2198896,low,Cafeteria
157,135088,0.0,18.876011300000002,-99.2198896,low,Cafeteria
158,135088,0.7,18.876011300000002,-99.2198896,low,Cafeteria
159,135088,0.0,18.876011300000002,-99.2198896,low,Cafeteria
160,135088,0.3,18.876011300000002,-99.2198896,low,Cafeteria
161,132583,0.7,18.922290399999998,-99.234332,low,American
162,132583,0.0,18.922290399999998,-99.234332,low,American
163,132583,0.0,18.922290399999998,-99.234332,low,American
164,132583,2.7,18.922290399999998,-99.234332,low,American
165,132608,1.3,23.7588052,-99.16512970000001,low,Mexican
166,132608,0.0,23.7588052,-99.16512970000001,low,Mexican
167,132608,0.7,23.7588052,-99.16512970000001,low,Mexican
168,132608,2.7,23.7588052,-99.16512970000001,low,Mexican
169,132608,0.0,23.7588052,-99.16512970000001,low,Mexican
170,132608,0.3,23.7588052,-99.16512970000001,low,Mexican
171,132609,0.3,23.760268300000003,-99.16586459999999,low,Fast_Food
172,132609,0.0,23.760268300000003,-99.16586459999999,low,Fast_Food
173,132609,0.0,23.760268300000003,-99.16586459999999,low,Fast_Food
174,132609,0.0,23.760268300000003,-99.16586459999999,low,Fast_Food
175,132609,0.7,23.760268300000003,-99.16586459999999,low,Fast_Food
176,132665,0.0,23.736797699999997,-99.1342413,low,Mexican
177,132665,2.7,23.736797699999997,-99.1342413,low,Mexican
178,132665,0.3,23.736797699999997,-99.1342413,low,Mexican
179,132665,0.0,23.736797699999997,-99.1342413,low,Mexican
180,132665,0.7,23.736797699999997,-99.1342413,low,Mexican
181,132668,0.0,23.738212,-99.1519547,low,Mexican
182,132668,2.7,23.738212,-99.1519547,low,Mexican
183,132668,0.3,23.738212,-99.1519547,low,Mexican
184,132715,0.0,23.732422600000003,-99.15866020000001,low,Mexican
185,132715,1.3,23.732422600000003,-99.15866020000001,low,Mexican
186,132715,0.3,23.732422600000003,-99.15866020000001,low,Mexican
187,132715,0.0,23.732422600000003,-99.15866020000001,low,Mexican
188,132717,0.0,23.7318602,-99.1504365,medium,Fast_Food
189,132717,2.7,23.7318602,-99.1504365,medium,Fast_Food
190,132717,1.3,23.7318602,-99.1504365,medium,Fast_Food
191,132594,0.0,23.7521677,-99.16570899999999,low,Mexican
192,132594,0.3,23.7521677,-99.16570899999999,low,Mexican
193,132594,0.0,23.7521677,-99.16570899999999,low,Mexican
194,132594,0.7,23.7521677,-99.16570899999999,low,Mexican
195,132594,0.3,23.7521677,-99.16570899999999,low,Mexican
196,135071,0.0,22.126375,-100.910926,medium,Bar
197,135071,0.0,22.126375,-100.910926,medium,Bar_Pub_Brewery
198,135071,0.0,22.126375,-100.910926,medium,Bar
199,135071,0.0,22.126375,-100.910926,medium,Bar_Pub_Brewery
200,135071,0.0,22.126375,-100.910926,medium,Bar
201,135071,0.0,22.126375,-100.910926,medium,Bar_Pub_Brewery
202,135071,0.0,22.126375,-100.910926,medium,Bar
203,135071,0.0,22.126375,-100.910926,medium,Bar_Pub_Brewery
204,135071,2.7,22.126375,-100.910926,medium,Bar
205,135071,2.7,22.126375,-100.910926,medium,Bar_Pub_Brewery
206,135071,2.7,22.126375,-100.910926,medium,Bar
207,135071,2.7,22.126375,-100.910926,medium,Bar_Pub_Brewery
208,135071,0.0,22.126375,-100.910926,medium,Bar
209,135071,0.0,22.126375,-100.910926,medium,Bar_Pub_Brewery
210,135071,0.0,22.126375,-100.910926,medium,Bar
211,135071,0.0,22.126375,-100.910926,medium,Bar_Pub_Brewery
212,135071,2.7,22.126375,-100.910926,medium,Bar
213,135071,2.7,22.126375,-100.910926,medium,Bar_Pub_Brewery
214,132626,2.7,23.7375834,-99.1351318,medium,Italian
215,132626,0.0,23.7375834,-99.1351318,medium,Italian
216,132626,1.3,23.7375834,-99.1351318,medium,Italian
217,132626,0.0,23.7375834,-99.1351318,medium,Italian
218,135034,2.7,22.140517000000003,-101.021422,medium,Japanese
219,135034,2.7,22.140517000000003,-101.021422,medium,Japanese
220,135034,1.3,22.140517000000003,-101.021422,medium,Japanese
221,135034,2.7,22.140517000000003,-101.021422,medium,Japanese
222,135034,1.3,22.140517000000003,-101.021422,medium,Japanese
223,132723,0.3,22.1489337,-101.01984499999999,medium,Mexican
224,132723,2.7,22.1489337,-101.01984499999999,medium,Mexican
225,132723,0.0,22.1489337,-101.01984499999999,medium,Mexican
226,132723,0.0,22.1489337,-101.01984499999999,medium,Mexican
227,132723,2.7,22.1489337,-101.01984499999999,medium,Mexican
228,132723,2.7,22.1489337,-101.01984499999999,medium,Mexican
229,132723,0.3,22.1489337,-101.01984499999999,medium,Mexican
230,132723,1.3,22.1489337,-101.01984499999999,medium,Mexican
231,132723,2.7,22.1489337,-101.01984499999999,medium,Mexican
232,132723,0.0,22.1489337,-101.01984499999999,medium,Mexican
233,132723,1.3,22.1489337,-101.01984499999999,medium,Mexican
234,132723,0.7,22.1489337,-101.01984499999999,medium,Mexican
235,135046,1.3,22.141282,-101.00295799999999,medium,Fast_Food
236,135046,0.7,22.141282,-101.00295799999999,medium,Fast_Food
237,135046,0.7,22.141282,-101.00295799999999,medium,Fast_Food
238,135046,1.3,22.141282,-101.00295799999999,medium,Fast_Food
239,135046,0.0,22.141282,-101.00295799999999,medium,Fast_Food
240,135046,0.7,22.141282,-101.00295799999999,medium,Fast_Food
241,135046,0.7,22.141282,-101.00295799999999,medium,Fast_Food
242,135046,0.7,22.141282,-101.00295799999999,medium,Fast_Food
243,135046,0.0,22.141282,-101.00295799999999,medium,Fast_Food
244,135046,0.0,22.141282,-101.00295799999999,medium,Fast_Food
245,135046,2.7,22.141282,-101.00295799999999,medium,Fast_Food
246,135075,2.7,22.139573000000002,-100.991564,medium,Seafood
247,135075,2.7,22.139573000000002,-100.991564,medium,Seafood
248,135075,0.7,22.139573000000002,-100.991564,medium,Seafood
249,135075,0.0,22.139573000000002,-100.991564,medium,Seafood
250,135075,2.7,22.139573000000002,-100.991564,medium,Seafood
251,135075,2.7,22.139573000000002,-100.991564,medium,Seafood
252,135075,2.7,22.139573000000002,-100.991564,medium,Seafood
253,135075,2.7,22.139573000000002,-100.991564,medium,Seafood
254,135075,1.3,22.139573000000002,-100.991564,medium,Seafood
255,135075,1.3,22.139573000000002,-100.991564,medium,Seafood
256,135075,0.0,22.139573000000002,-100.991564,medium,Seafood
257,135075,0.7,22.139573000000002,-100.991564,medium,Seafood
258,135075,0.7,22.139573000000002,-100.991564,medium,Seafood
259,132572,0.7,22.141647100000004,-100.9927118,low,Cafeteria
260,132572,2.7,22.141647100000004,-100.9927118,low,Cafeteria
261,132572,2.7,22.141647100000004,-100.9927118,low,Cafeteria
262,132572,0.0,22.141647100000004,-100.9927118,low,Cafeteria
263,132572,0.3,22.141647100000004,-100.9927118,low,Cafeteria
264,132572,0.0,22.141647100000004,-100.9927118,low,Cafeteria
265,132572,0.0,22.141647100000004,-100.9927118,low,Cafeteria
266,132572,2.7,22.141647100000004,-100.9927118,low,Cafeteria
267,132572,0.7,22.141647100000004,-100.9927118,low,Cafeteria
268,132572,0.0,22.141647100000004,-100.9927118,low,Cafeteria
269,132572,1.3,22.141647100000004,-100.9927118,low,Cafeteria
270,132572,0.0,22.141647100000004,-100.9927118,low,Cafeteria
271,132572,0.0,22.141647100000004,-100.9927118,low,Cafeteria
272,132572,0.0,22.141647100000004,-100.9927118,low,Cafeteria
273,132572,0.0,22.141647100000004,-100.9927118,low,Cafeteria
274,135074,1.3,22.149689000000002,-100.999525,high,Contemporary
275,135074,2.7,22.149689000000002,-100.999525,high,Contemporary
276,135074,2.7,22.149689000000002,-100.999525,high,Contemporary
277,135074,0.7,22.149689000000002,-100.999525,high,Contemporary
278,135028,0.3,22.146658,-100.987219,medium,Mexican
279,135028,2.7,22.146658,-100.987219,medium,Mexican
280,135028,1.3,22.146658,-100.987219,medium,Mexican
281,135028,0.0,22.146658,-100.987219,medium,Mexican
282,135028,0.3,22.146658,-100.987219,medium,Mexican
283,135028,2.7,22.146658,-100.987219,medium,Mexican
284,135028,2.7,22.146658,-100.987219,medium,Mexican
285,135028,2.7,22.146658,-100.987219,medium,Mexican
286,135028,0.0,22.146658,-100.987219,medium,Mexican
287,135028,2.7,22.146658,-100.987219,medium,Mexican
288,135028,0.7,22.146658,-100.987219,medium,Mexican
289,135028,0.3,22.146658,-100.987219,medium,Mexican
290,135028,0.3,22.146658,-100.987219,medium,Mexican
291,135028,0.0,22.146658,-100.987219,medium,Mexican
292,135028,2.7,22.146658,-100.987219,medium,Mexican
293,135032,1.3,22.152480999999998,-100.973486,medium,Cafeteria
294,135032,1.3,22.152480999999998,-100.973486,medium,Contemporary
295,135032,1.3,22.152480999999998,-100.973486,medium,Cafeteria
296,135032,1.3,22.152480999999998,-100.973486,medium,Contemporary
297,135032,0.0,22.152480999999998,-100.973486,medium,Cafeteria
298,135032,0.0,22.152480999999998,-100.973486,medium,Contemporary
299,135032,2.7,22.152480999999998,-100.973486,medium,Cafeteria
300,135032,2.7,22.152480999999998,-100.973486,medium,Contemporary
301,135032,0.0,22.152480999999998,-100.973486,medium,Cafeteria
302,135032,0.0,22.152480999999998,-100.973486,medium,Contemporary
303,135032,0.3,22.152480999999998,-100.973486,medium,Cafeteria
304,135032,0.3,22.152480999999998,-100.973486,medium,Contemporary
305,135032,0.7,22.152480999999998,-100.973486,medium,Cafeteria
306,135032,0.7,22.152480999999998,-100.973486,medium,Contemporary
307,135032,0.3,22.152480999999998,-100.973486,medium,Cafeteria
308,135032,0.3,22.152480999999998,-100.973486,medium,Contemporary
309,135032,0.7,22.152480999999998,-100.973486,medium,Cafeteria
310,135032,0.7,22.152480999999998,-100.973486,medium,Contemporary
311,135032,0.3,22.152480999999998,-100.973486,medium,Cafeteria
312,135032,0.3,22.152480999999998,-100.973486,medium,Contemporary
313,135032,2.7,22.152480999999998,-100.973486,medium,Cafeteria
314,135032,2.7,22.152480999999998,-100.973486,medium,Contemporary
315,135032,0.0,22.152480999999998,-100.973486,medium,Cafeteria
316,135032,0.0,22.152480999999998,-100.973486,medium,Contemporary
317,135032,1.3,22.152480999999998,-100.973486,medium,Cafeteria
318,135032,1.3,22.152480999999998,-100.973486,medium,Contemporary
319,135032,0.3,22.152480999999998,-100.973486,medium,Cafeteria
320,135032,0.3,22.152480999999998,-100.973486,medium,Contemporary
321,135032,2.7,22.152480999999998,-100.973486,medium,Cafeteria
322,135032,2.7,22.152480999999998,-100.973486,medium,Contemporary
323,135032,2.7,22.152480999999998,-100.973486,medium,Cafeteria
324,135032,2.7,22.152480999999998,-100.973486,medium,Contemporary
325,135032,0.0,22.152480999999998,-100.973486,medium,Cafeteria
326,135032,0.0,22.152480999999998,-100.973486,medium,Contemporary
327,135032,0.7,22.152480999999998,-100.973486,medium,Cafeteria
328,135032,0.7,22.152480999999998,-100.973486,medium,Contemporary
329,135032,0.0,22.152480999999998,-100.973486,medium,Cafeteria
330,135032,0.0,22.152480999999998,-100.973486,medium,Contemporary
331,135032,2.7,22.152480999999998,-100.973486,medium,Cafeteria
332,135032,2.7,22.152480999999998,-100.973486,medium,Contemporary
333,135032,0.0,22.152480999999998,-100.973486,medium,Cafeteria
334,135032,0.0,22.152480999999998,-100.973486,medium,Contemporary
335,135032,0.3,22.152480999999998,-100.973486,medium,Cafeteria
336,135032,0.3,22.152480999999998,-100.973486,medium,Contemporary
337,135032,1.3,22.152480999999998,-100.973486,medium,Cafeteria
338,135032,1.3,22.152480999999998,-100.973486,medium,Contemporary
339,135032,0.0,22.152480999999998,-100.973486,medium,Cafeteria
340,135032,0.0,22.152480999999998,-100.973486,medium,Contemporary
341,135032,0.0,22.152480999999998,-100.973486,medium,Cafeteria
342,135032,0.0,22.152480999999998,-100.973486,medium,Contemporary
343,135032,2.7,22.152480999999998,-100.973486,medium,Cafeteria
344,135032,2.7,22.152480999999998,-100.973486,medium,Contemporary
345,135032,0.7,22.152480999999998,-100.973486,medium,Cafeteria
346,135032,0.7,22.152480999999998,-100.973486,medium,Contemporary
347,135032,0.0,22.152480999999998,-100.973486,medium,Cafeteria
348,135032,0.0,22.152480999999998,-100.973486,medium,Contemporary
349,135086,0.0,22.141420999999998,-101.01395500000001,medium,Burgers
350,135086,0.0,22.141420999999998,-101.01395500000001,medium,Fast_Food
351,135086,0.3,22.141420999999998,-101.01395500000001,medium,Burgers
352,135086,0.3,22.141420999999998,-101.01395500000001,medium,Fast_Food
353,135086,0.7,22.141420999999998,-101.01395500000001,medium,Burgers
354,135086,0.7,22.141420999999998,-101.01395500000001,medium,Fast_Food
355,135086,0.0,22.141420999999998,-101.01395500000001,medium,Burgers
356,135086,0.0,22.141420999999998,-101.01395500000001,medium,Fast_Food
357,135086,0.3,22.141420999999998,-101.01395500000001,medium,Burgers
358,135086,0.3,22.141420999999998,-101.01395500000001,medium,Fast_Food
359,135086,0.0,22.141420999999998,-101.01395500000001,medium,Burgers
360,135086,0.0,22.141420999999998,-101.01395500000001,medium,Fast_Food
361,135086,0.7,22.141420999999998,-101.01395500000001,medium,Burgers
362,135086,0.7,22.141420999999998,-101.01395500000001,medium,Fast_Food
363,135086,0.0,22.141420999999998,-101.01395500000001,medium,Burgers
364,135086,0.0,22.141420999999998,-101.01395500000001,medium,Fast_Food
365,135086,0.0,22.141420999999998,-101.01395500000001,medium,Burgers
366,135086,0.0,22.141420999999998,-101.01395500000001,medium,Fast_Food
367,135086,0.0,22.141420999999998,-101.01395500000001,medium,Burgers
368,135086,0.0,22.141420999999998,-101.01395500000001,medium,Fast_Food
369,135058,0.3,22.165587,-101.001273,medium,Pizzeria
370,135058,0.0,22.165587,-101.001273,medium,Pizzeria
371,135058,0.7,22.165587,-101.001273,medium,Pizzeria
372,135058,1.3,22.165587,-101.001273,medium,Pizzeria
373,135058,0.7,22.165587,-101.001273,medium,Pizzeria
374,135058,0.0,22.165587,-101.001273,medium,Pizzeria
375,135058,0.0,22.165587,-101.001273,medium,Pizzeria
376,135058,2.7,22.165587,-101.001273,medium,Pizzeria
377,135058,0.0,22.165587,-101.001273,medium,Pizzeria
378,135058,0.3,22.165587,-101.001273,medium,Pizzeria
379,135058,0.0,22.165587,-101.001273,medium,Pizzeria
380,135058,0.0,22.165587,-101.001273,medium,Pizzeria
381,135058,0.3,22.165587,-101.001273,medium,Pizzeria
382,135058,1.3,22.165587,-101.001273,medium,Pizzeria
383,135058,0.7,22.165587,-101.001273,medium,Pizzeria
384,135058,0.0,22.165587,-101.001273,medium,Pizzeria
385,135058,0.0,22.165587,-101.001273,medium,Pizzeria
386,135058,0.0,22.165587,-101.001273,medium,Pizzeria
387,134983,2.7,18.948657,-99.235361,high,Bar
388,134983,2.7,18.948657,-99.235361,high,Bar_Pub_Brewery
389,134983,0.0,18.948657,-99.235361,high,Bar
390,134983,0.0,18.948657,-99.235361,high,Bar_Pub_Brewery
391,134983,0.3,18.948657,-99.235361,high,Bar
392,134983,0.3,18.948657,-99.235361,high,Bar_Pub_Brewery
393,134983,0.0,18.948657,-99.235361,high,Bar
394,134983,0.0,18.948657,-99.235361,high,Bar_Pub_Brewery
395,134983,2.7,18.948657,-99.235361,high,Bar
396,134983,2.7,18.948657,-99.235361,high,Bar_Pub_Brewery
397,135019,2.7,18.875010999999997,-99.15942199999999,low,Bar
398,135019,0.0,18.875010999999997,-99.15942199999999,low,Bar
399,135019,0.0,18.875010999999997,-99.15942199999999,low,Bar
400,135019,0.0,18.875010999999997,-99.15942199999999,low,Bar
401,135019,0.7,18.875010999999997,-99.15942199999999,low,Bar
402,135019,2.7,18.875010999999997,-99.15942199999999,low,Bar
403,134976,1.3,18.916654,-99.22711,low,Mexican
404,134976,1.3,18.916654,-99.22711,low,Mediterranean
405,134976,1.3,18.916654,-99.22711,low,Burgers
406,134976,1.3,18.916654,-99.22711,low,Mexican
407,134976,1.3,18.916654,-99.22711,low,Mediterranean
408,134976,1.3,18.916654,-99.22711,low,Burgers
409,134976,2.7,18.916654,-99.22711,low,Mexican
410,134976,2.7,18.916654,-99.22711,low,Mediterranean
411,134976,2.7,18.916654,-99.22711,low,Burgers
412,134976,0.0,18.916654,-99.22711,low,Mexican
413,134976,0.0,18.916654,-99.22711,low,Mediterranean
414,134976,0.0,18.916654,-99.22711,low,Burgers
415,134999,2.7,18.915421,-99.184871,medium,Japanese
416,134999,0.3,18.915421,-99.184871,medium,Japanese
417,134999,0.3,18.915421,-99.184871,medium,Japanese
418,134999,2.7,18.915421,-99.184871,medium,Japanese
419,134999,2.7,18.915421,-99.184871,medium,Japanese
420,135018,2.7,18.859803,-99.222164,medium,Mexican
421,135018,2.7,18.859803,-99.222164,medium,Mexican
422,135018,0.3,18.859803,-99.222164,medium,Mexican
423,135018,0.7,18.859803,-99.222164,medium,Mexican
424,134986,2.7,18.928798,-99.239513,high,International
425,134986,2.7,18.928798,-99.239513,high,International
426,134986,2.7,18.928798,-99.239513,high,International
427,134986,2.7,18.928798,-99.239513,high,International
428,134986,2.7,18.928798,-99.239513,high,International
429,134986,2.7,18.928798,-99.239513,high,International
430,134986,2.7,18.928798,-99.239513,high,International
431,134986,2.7,18.928798,-99.239513,high,International
432,132767,2.7,18.8820871,-99.1630268,medium,Vietnamese
433,132767,0.0,18.8820871,-99.1630268,medium,Vietnamese
434,132767,0.7,18.8820871,-99.1630268,medium,Vietnamese
435,132767,0.0,18.8820871,-99.1630268,medium,Vietnamese
436,132767,2.7,18.8820871,-99.1630268,medium,Vietnamese
437,132767,2.7,18.8820871,-99.1630268,medium,Vietnamese
438,135109,0.0,18.9217848,-99.2353499,medium,Italian
439,135109,1.3,18.9217848,-99.2353499,medium,Italian
440,135109,0.3,18.9217848,-99.2353499,medium,Italian
441,135109,0.7,18.9217848,-99.2353499,medium,Italian
442,135021,0.7,18.933537,-99.222497,low,Fast_Food
443,135021,0.0,18.933537,-99.222497,low,Fast_Food
444,135021,2.7,18.933537,-99.222497,low,Fast_Food
445,135021,0.0,18.933537,-99.222497,low,Fast_Food
446,135021,0.0,18.933537,-99.222497,low,Fast_Food
447,135021,0.0,18.933537,-99.222497,low,Fast_Food
448,135021,0.7,18.933537,-99.222497,low,Fast_Food
449,135021,0.0,18.933537,-99.222497,low,Fast_Food
450,135021,2.7,18.933537,-99.222497,low,Fast_Food
451,132768,0.3,18.9257734,-99.2326355,medium,Family
452,132768,2.7,18.9257734,-99.2326355,medium,Family
453,132768,0.0,18.9257734,-99.2326355,medium,Family
454,132768,2.7,18.9257734,-99.2326355,medium,Family
455,132768,0.7,18.9257734,-99.2326355,medium,Family
456,132768,2.7,18.9257734,-99.2326355,medium,Family
457,132768,2.7,18.9257734,-99.2326355,medium,Family
458,132768,2.7,18.9257734,-99.2326355,medium,Family
459,132768,1.3,18.9257734,-99.2326355,medium,Family
460,132768,1.3,18.9257734,-99.2326355,medium,Family
461,132766,0.0,18.9101777,-99.2315438,medium,Japanese
462,132766,0.0,18.9101777,-99.2315438,medium,Japanese
463,132766,0.7,18.9101777,-99.2315438,medium,Japanese
464,132773,1.3,18.869992899999996,-99.2103195,low,Family
465,132773,1.3,18.869992899999996,-99.2103195,low,Mexican
466,132773,1.3,18.869992899999996,-99.2103195,low,Family
467,132773,1.3,18.869992899999996,-99.2103195,low,Mexican
468,132773,1.3,18.869992899999996,-99.2103195,low,Family
469,132773,1.3,18.869992899999996,-99.2103195,low,Mexican
470,132773,0.3,18.869992899999996,-99.2103195,low,Family
471,132773,0.3,18.869992899999996,-99.2103195,low,Mexican
472,132706,0.0,23.7292162,-99.1323571,medium,Mexican
473,132706,0.0,23.7292162,-99.1323571,medium,Mexican
474,132706,1.3,23.7292162,-99.1323571,medium,Mexican
475,132706,0.7,23.7292162,-99.1323571,medium,Mexican
476,135025,2.7,22.14955,-100.97797,medium,Mexican
477,135025,1.3,22.14955,-100.97797,medium,Mexican
478,135025,0.3,22.14955,-100.97797,medium,Mexican
479,135025,0.0,22.14955,-100.97797,medium,Mexican
480,135025,2.7,22.14955,-100.97797,medium,Mexican
481,135025,0.7,22.14955,-100.97797,medium,Mexican
482,135025,2.7,22.14955,-100.97797,medium,Mexican
483,135025,2.7,22.14955,-100.97797,medium,Mexican
484,135025,0.7,22.14955,-100.97797,medium,Mexican
485,135025,0.3,22.14955,-100.97797,medium,Mexican
486,135025,2.7,22.14955,-100.97797,medium,Mexican
487,135025,2.7,22.14955,-100.97797,medium,Mexican
488,135025,0.7,22.14955,-100.97797,medium,Mexican
489,135025,2.7,22.14955,-100.97797,medium,Mexican
490,135025,2.7,22.14955,-100.97797,medium,Mexican
491,135049,0.0,22.135011,-101.0286,medium,Seafood
492,135049,0.0,22.135011,-101.0286,medium,Seafood
493,135049,0.0,22.135011,-101.0286,medium,Seafood
494,135049,2.7,22.135011,-101.0286,medium,Seafood
495,135049,0.7,22.135011,-101.0286,medium,Seafood
496,135106,2.7,22.149708800000003,-100.97609279999999,medium,Mexican
497,135106,2.7,22.149708800000003,-100.97609279999999,medium,Mexican
498,135106,0.3,22.149708800000003,-100.97609279999999,medium,Mexican
499,135106,2.7,22.149708800000003,-100.97609279999999,medium,Mexican
500,135106,0.0,22.149708800000003,-100.97609279999999,medium,Mexican
501,135106,2.7,22.149708800000003,-100.97609279999999,medium,Mexican
502,135106,0.0,22.149708800000003,-100.97609279999999,medium,Mexican
503,135106,0.0,22.149708800000003,-100.97609279999999,medium,Mexican
504,135106,2.7,22.149708800000003,-100.97609279999999,medium,Mexican
505,135106,0.3,22.149708800000003,-100.97609279999999,medium,Mexican
506,135072,1.3,22.149192000000003,-101.002936,medium,Japanese
507,135072,2.7,22.149192000000003,-101.002936,medium,Japanese
508,135072,2.7,22.149192000000003,-101.002936,medium,Japanese
509,135072,0.7,22.149192000000003,-101.002936,medium,Japanese
510,135072,0.3,22.149192000000003,-101.002936,medium,Japanese
511,135072,0.0,22.149192000000003,-101.002936,medium,Japanese
512,135072,0.7,22.149192000000003,-101.002936,medium,Japanese
513,135072,0.3,22.149192000000003,-101.002936,medium,Japanese
514,132755,2.7,22.153323999999998,-101.0195459,medium,Mexican
515,132755,2.7,22.153323999999998,-101.0195459,medium,Mexican
516,132755,1.3,22.153323999999998,-101.0195459,medium,Mexican
517,132755,2.7,22.153323999999998,-101.0195459,medium,Mexican
518,132755,0.7,22.153323999999998,-101.0195459,medium,Mexican
519,135044,1.3,22.141848,-100.997475,medium,Chinese
520,135044,0.3,22.141848,-100.997475,medium,Chinese
521,135044,0.0,22.141848,-100.997475,medium,Chinese
522,135044,0.7,22.141848,-100.997475,medium,Chinese
523,135048,2.7,22.142017000000003,-100.999246,high,Bar
524,135048,0.0,22.142017000000003,-100.999246,high,Bar
525,135048,2.7,22.142017000000003,-100.999246,high,Bar
526,135048,0.0,22.142017000000003,-100.999246,high,Bar
527,135048,0.7,22.142017000000003,-100.999246,high,Bar
528,135048,1.3,22.142017000000003,-100.999246,high,Bar
529,132754,2.7,22.1477379,-100.9906163,medium,Mexican
530,132754,0.7,22.1477379,-100.9906163,medium,Mexican
531,132754,0.7,22.1477379,-100.9906163,medium,Mexican
532,132754,2.7,22.1477379,-100.9906163,medium,Mexican
533,132754,1.3,22.1477379,-100.9906163,medium,Mexican
534,132754,0.7,22.1477379,-100.9906163,medium,Mexican
535,132754,1.3,22.1477379,-100.9906163,medium,Mexican
536,132754,0.3,22.1477379,-100.9906163,medium,Mexican
537,132754,0.0,22.1477379,-100.9906163,medium,Mexican
538,132754,0.0,22.1477379,-100.9906163,medium,Mexican
539,132754,2.7,22.1477379,-100.9906163,medium,Mexican
540,132754,2.7,22.1477379,-100.9906163,medium,Mexican
541,132754,2.7,22.1477379,-100.9906163,medium,Mexican
542,135042,1.3,22.159357,-100.973411,medium,Chinese
543,135042,0.7,22.159357,-100.973411,medium,Chinese
544,135042,0.0,22.159357,-100.973411,medium,Chinese
545,135042,0.3,22.159357,-100.973411,medium,Chinese
546,135042,2.7,22.159357,-100.973411,medium,Chinese
547,135042,0.7,22.159357,-100.973411,medium,Chinese
548,135042,1.3,22.159357,-100.973411,medium,Chinese
549,135042,2.7,22.159357,-100.973411,medium,Chinese
550,135042,2.7,22.159357,-100.973411,medium,Chinese
551,135042,0.0,22.159357,-100.973411,medium,Chinese
552,135042,1.3,22.159357,-100.973411,medium,Chinese
553,135042,0.3,22.159357,-100.973411,medium,Chinese
554,135042,0.0,22.159357,-100.973411,medium,Chinese
555,135042,0.0,22.159357,-100.973411,medium,Chinese
556,135042,0.0,22.159357,-100.973411,medium,Chinese
557,135042,2.7,22.159357,-100.973411,medium,Chinese
558,135042,0.3,22.159357,-100.973411,medium,Chinese
559,135042,2.7,22.159357,-100.973411,medium,Chinese
560,135042,0.0,22.159357,-100.973411,medium,Chinese
561,135042,2.7,22.159357,-100.973411,medium,Chinese
562,135053,0.0,22.178931,-101.012861,high,Cafeteria
563,135053,0.0,22.178931,-101.012861,high,Fast_Food
564,135053,0.0,22.178931,-101.012861,high,Pizzeria
565,135053,0.0,22.178931,-101.012861,high,Cafeteria
566,135053,0.0,22.178931,-101.012861,high,Fast_Food
567,135053,0.0,22.178931,-101.012861,high,Pizzeria
568,135053,0.0,22.178931,-101.012861,high,Cafeteria
569,135053,0.0,22.178931,-101.012861,high,Fast_Food
570,135053,0.0,22.178931,-101.012861,high,Pizzeria
571,135053,2.7,22.178931,-101.012861,high,Cafeteria
572,135053,2.7,22.178931,-101.012861,high,Fast_Food
573,135053,2.7,22.178931,-101.012861,high,Pizzeria
574,135053,0.0,22.178931,-101.012861,high,Cafeteria
575,135053,0.0,22.178931,-101.012861,high,Fast_Food
576,135053,0.0,22.178931,-101.012861,high,Pizzeria
577,135053,0.7,22.178931,-101.012861,high,Cafeteria
578,135053,0.7,22.178931,-101.012861,high,Fast_Food
579,135053,0.7,22.178931,-101.012861,high,Pizzeria
580,135053,2.7,22.178931,-101.012861,high,Cafeteria
581,135053,2.7,22.178931,-101.012861,high,Fast_Food
582,135053,2.7,22.178931,-101.012861,high,Pizzeria
583,135053,0.3,22.178931,-101.012861,high,Cafeteria
584,135053,0.3,22.178931,-101.012861,high,Fast_Food
585,135053,0.3,22.178931,-101.012861,high,Pizzeria
586,135069,0.0,22.140129,-100.944872,low,Bar
587,135069,0.0,22.140129,-100.944872,low,Bar
588,135069,0.0,22.140129,-100.944872,low,Bar
589,135069,1.3,22.140129,-100.944872,low,Bar
590,135069,0.0,22.140129,-100.944872,low,Bar
591,135069,0.3,22.140129,-100.944872,low,Bar
592,135069,0.0,22.140129,-100.944872,low,Bar
593,135069,0.0,22.140129,-100.944872,low,Bar
594,135069,0.0,22.140129,-100.944872,low,Bar
595,135069,0.0,22.140129,-100.944872,low,Bar
596,135069,0.0,22.140129,-100.944872,low,Bar
597,135069,0.3,22.140129,-100.944872,low,Bar
598,135057,0.7,22.145992,-100.955118,medium,Bar
599,135057,1.3,22.145992,-100.955118,medium,Bar
600,135057,0.0,22.145992,-100.955118,medium,Bar
601,135057,2.7,22.145992,-100.955118,medium,Bar
602,135057,0.3,22.145992,-100.955118,medium,Bar
603,135057,0.0,22.145992,-100.955118,medium,Bar
604,135057,2.7,22.145992,-100.955118,medium,Bar
605,135057,0.0,22.145992,-100.955118,medium,Bar
606,135057,0.0,22.145992,-100.955118,medium,Bar
607,135057,0.7,22.145992,-100.955118,medium,Bar
608,135057,0.7,22.145992,-100.955118,medium,Bar
609,135057,2.7,22.145992,-100.955118,medium,Bar
610,135057,0.7,22.145992,-100.955118,medium,Bar
611,135057,2.7,22.145992,-100.955118,medium,Bar
612,135057,1.3,22.145992,-100.955118,medium,Bar
613,135043,0.0,22.185756,-100.944518,medium,Fast_Food
614,135043,0.0,22.185756,-100.944518,medium,Pizzeria
615,135043,0.0,22.185756,-100.944518,medium,Fast_Food
616,135043,0.0,22.185756,-100.944518,medium,Pizzeria
617,135043,0.0,22.185756,-100.944518,medium,Fast_Food
618,135043,0.0,22.185756,-100.944518,medium,Pizzeria
619,135043,0.7,22.185756,-100.944518,medium,Fast_Food
620,135043,0.7,22.185756,-100.944518,medium,Pizzeria
621,135043,0.0,22.185756,-100.944518,medium,Fast_Food
622,135043,0.0,22.185756,-100.944518,medium,Pizzeria
623,135043,2.7,22.185756,-100.944518,medium,Fast_Food
624,135043,2.7,22.185756,-100.944518,medium,Pizzeria
625,135043,2.7,22.185756,-100.944518,medium,Fast_Food
626,135043,2.7,22.185756,-100.944518,medium,Pizzeria
627,135043,0.3,22.185756,-100.944518,medium,Fast_Food
628,135043,0.3,22.185756,-100.944518,medium,Pizzeria
629,135043,1.3,22.185756,-100.944518,medium,Fast_Food
630,135043,1.3,22.185756,-100.944518,medium,Pizzeria
631,135039,0.0,22.145893,-100.97487,low,Seafood
632,135039,0.3,22.145893,-100.97487,low,Seafood
633,135039,1.3,22.145893,-100.97487,low,Seafood
634,135039,0.0,22.145893,-100.97487,low,Seafood
635,135039,0.0,22.145893,-100.97487,low,Seafood
636,135039,2.7,22.145893,-100.97487,low,Seafood
637,135039,2.7,22.145893,-100.97487,low,Seafood
638,135039,0.0,22.145893,-100.97487,low,Seafood
639,135039,0.7,22.145893,-100.97487,low,Seafood
640,135039,1.3,22.145893,-100.97487,low,Seafood
641,135039,0.3,22.145893,-100.97487,low,Seafood
642,135039,0.3,22.145893,-100.97487,low,Seafood
643,135052,0.0,22.150980999999998,-100.977412,high,Bar
644,135052,0.0,22.150980999999998,-100.977412,high,Bar_Pub_Brewery
645,135052,0.0,22.150980999999998,-100.977412,high,Bar
646,135052,0.0,22.150980999999998,-100.977412,high,Bar_Pub_Brewery
647,135052,2.7,22.150980999999998,-100.977412,high,Bar
648,135052,2.7,22.150980999999998,-100.977412,high,Bar_Pub_Brewery
649,135052,0.7,22.150980999999998,-100.977412,high,Bar
650,135052,0.7,22.150980999999998,-100.977412,high,Bar_Pub_Brewery
651,135052,2.7,22.150980999999998,-100.977412,high,Bar
652,135052,2.7,22.150980999999998,-100.977412,high,Bar_Pub_Brewery
653,135052,2.7,22.150980999999998,-100.977412,high,Bar
654,135052,2.7,22.150980999999998,-100.977412,high,Bar_Pub_Brewery
655,135052,0.0,22.150980999999998,-100.977412,high,Bar
656,135052,0.0,22.150980999999998,-100.977412,high,Bar_Pub_Brewery
657,135052,2.7,22.150980999999998,-100.977412,high,Bar
658,135052,2.7,22.150980999999998,-100.977412,high,Bar_Pub_Brewery
659,135052,2.7,22.150980999999998,-100.977412,high,Bar
660,135052,2.7,22.150980999999998,-100.977412,high,Bar_Pub_Brewery
661,135052,2.7,22.150980999999998,-100.977412,high,Bar
662,135052,2.7,22.150980999999998,-100.977412,high,Bar_Pub_Brewery
663,135052,0.0,22.150980999999998,-100.977412,high,Bar
664,135052,0.0,22.150980999999998,-100.977412,high,Bar_Pub_Brewery
665,135052,0.3,22.150980999999998,-100.977412,high,Bar
666,135052,0.3,22.150980999999998,-100.977412,high,Bar_Pub_Brewery
667,135052,1.3,22.150980999999998,-100.977412,high,Bar
668,135052,1.3,22.150980999999998,-100.977412,high,Bar_Pub_Brewery
669,135052,0.0,22.150980999999998,-100.977412,high,Bar
670,135052,0.0,22.150980999999998,-100.977412,high,Bar_Pub_Brewery
671,135052,2.7,22.150980999999998,-100.977412,high,Bar
672,135052,2.7,22.150980999999998,-100.977412,high,Bar_Pub_Brewery
673,135052,1.3,22.150980999999998,-100.977412,high,Bar
674,135052,1.3,22.150980999999998,-100.977412,high,Bar_Pub_Brewery
675,135052,0.7,22.150980999999998,-100.977412,high,Bar
676,135052,0.7,22.150980999999998,-100.977412,high,Bar_Pub_Brewery
677,135052,0.0,22.150980999999998,-100.977412,high,Bar
678,135052,0.0,22.150980999999998,-100.977412,high,Bar_Pub_Brewery
679,135052,0.0,22.150980999999998,-100.977412,high,Bar
680,135052,0.0,22.150980999999998,-100.977412,high,Bar_Pub_Brewery
681,135052,2.7,22.150980999999998,-100.977412,high,Bar
682,135052,2.7,22.150980999999998,-100.977412,high,Bar_Pub_Brewery
683,135052,0.3,22.150980999999998,-100.977412,high,Bar
684,135052,0.3,22.150980999999998,-100.977412,high,Bar_Pub_Brewery
685,135052,2.7,22.150980999999998,-100.977412,high,Bar
686,135052,2.7,22.150980999999998,-100.977412,high,Bar_Pub_Brewery
687,135052,0.0,22.150980999999998,-100.977412,high,Bar
688,135052,0.0,22.150980999999998,-100.977412,high,Bar_Pub_Brewery
689,135052,0.0,22.150980999999998,-100.977412,high,Bar
690,135052,0.0,22.150980999999998,-100.977412,high,Bar_Pub_Brewery
691,135052,0.3,22.150980999999998,-100.977412,high,Bar
692,135052,0.3,22.150980999999998,-100.977412,high,Bar_Pub_Brewery
693,135030,0.3,22.147879999999997,-100.98947199999999,medium,Cafe-Coffee_Shop
694,135030,0.3,22.147879999999997,-100.98947199999999,medium,Cafeteria
695,135030,1.3,22.147879999999997,-100.98947199999999,medium,Cafe-Coffee_Shop
696,135030,1.3,22.147879999999997,-100.98947199999999,medium,Cafeteria
697,135030,0.3,22.147879999999997,-100.98947199999999,medium,Cafe-Coffee_Shop
698,135030,0.3,22.147879999999997,-100.98947199999999,medium,Cafeteria
699,135030,2.7,22.147879999999997,-100.98947199999999,medium,Cafe-Coffee_Shop
700,135030,2.7,22.147879999999997,-100.98947199999999,medium,Cafeteria
701,135030,2.7,22.147879999999997,-100.98947199999999,medium,Cafe-Coffee_Shop
702,135030,2.7,22.147879999999997,-100.98947199999999,medium,Cafeteria
703,135030,0.7,22.147879999999997,-100.98947199999999,medium,Cafe-Coffee_Shop
704,135030,0.7,22.147879999999997,-100.98947199999999,medium,Cafeteria
705,135030,1.3,22.147879999999997,-100.98947199999999,medium,Cafe-Coffee_Shop
706,135030,1.3,22.147879999999997,-100.98947199999999,medium,Cafeteria
707,135030,0.7,22.147879999999997,-100.98947199999999,medium,Cafe-Coffee_Shop
708,135030,0.7,22.147879999999997,-100.98947199999999,medium,Cafeteria
709,135030,0.7,22.147879999999997,-100.98947199999999,medium,Cafe-Coffee_Shop
710,135030,0.7,22.147879999999997,-100.98947199999999,medium,Cafeteria
711,135030,0.0,22.147879999999997,-100.98947199999999,medium,Cafe-Coffee_Shop
712,135030,0.0,22.147879999999997,-100.98947199999999,medium,Cafeteria
713,135030,2.7,22.147879999999997,-100.98947199999999,medium,Cafe-Coffee_Shop
714,135030,2.7,22.147879999999997,-100.98947199999999,medium,Cafeteria
715,135030,0.7,22.147879999999997,-100.98947199999999,medium,Cafe-Coffee_Shop
716,135030,0.7,22.147879999999997,-100.98947199999999,medium,Cafeteria
717,135027,0.0,22.147145000000002,-100.97449399999999,medium,Mexican
718,135027,2.7,22.147145000000002,-100.97449399999999,medium,Mexican
719,135027,0.0,22.147145000000002,-100.97449399999999,medium,Mexican
720,135027,0.0,22.147145000000002,-100.97449399999999,medium,Mexican
721,135027,0.0,22.147145000000002,-100.97449399999999,medium,Mexican
722,135027,0.0,22.147145000000002,-100.97449399999999,medium,Mexican
723,135027,0.0,22.147145000000002,-100.97449399999999,medium,Mexican
724,135027,0.7,22.147145000000002,-100.97449399999999,medium,Mexican
725,135041,2.7,22.15106,-100.977659,medium,Bar
726,135041,2.7,22.15106,-100.977659,medium,Cafeteria
727,135041,0.3,22.15106,-100.977659,medium,Bar
728,135041,0.3,22.15106,-100.977659,medium,Cafeteria
729,135041,0.7,22.15106,-100.977659,medium,Bar
730,135041,0.7,22.15106,-100.977659,medium,Cafeteria
731,135041,0.0,22.15106,-100.977659,medium,Bar
732,135041,0.0,22.15106,-100.977659,medium,Cafeteria
733,135041,0.3,22.15106,-100.977659,medium,Bar
734,135041,0.3,22.15106,-100.977659,medium,Cafeteria
735,135041,0.3,22.15106,-100.977659,medium,Bar
736,135041,0.3,22.15106,-100.977659,medium,Cafeteria
737,135041,0.0,22.15106,-100.977659,medium,Bar
738,135041,0.0,22.15106,-100.977659,medium,Cafeteria
739,135041,0.7,22.15106,-100.977659,medium,Bar
740,135041,0.7,22.15106,-100.977659,medium,Cafeteria
741,135041,0.7,22.15106,-100.977659,medium,Bar
742,135041,0.7,22.15106,-100.977659,medium,Cafeteria
743,135041,2.7,22.15106,-100.977659,medium,Bar
744,135041,2.7,22.15106,-100.977659,medium,Cafeteria
745,135041,0.0,22.15106,-100.977659,medium,Bar
746,135041,0.0,22.15106,-100.977659,medium,Cafeteria
747,135041,0.0,22.15106,-100.977659,medium,Bar
748,135041,0.0,22.15106,-100.977659,medium,Cafeteria
749,135041,1.3,22.15106,-100.977659,medium,Bar
750,135041,1.3,22.15106,-100.977659,medium,Cafeteria
751,135041,0.0,22.15106,-100.977659,medium,Bar
752,135041,0.0,22.15106,-100.977659,medium,Cafeteria
753,135041,2.7,22.15106,-100.977659,medium,Bar
754,135041,2.7,22.15106,-100.977659,medium,Cafeteria
755,135041,2.7,22.15106,-100.977659,medium,Bar
756,135041,2.7,22.15106,-100.977659,medium,Cafeteria
757,135041,0.0,22.15106,-100.977659,medium,Bar
758,135041,0.0,22.15106,-100.977659,medium,Cafeteria
759,135054,2.7,22.140626,-100.915657,high,Seafood
760,135054,0.7,22.140626,-100.915657,high,Seafood
761,135054,0.3,22.140626,-100.915657,high,Seafood
762,135054,0.0,22.140626,-100.915657,high,Seafood
763,135054,0.0,22.140626,-100.915657,high,Seafood
764,135054,0.0,22.140626,-100.915657,high,Seafood
765,135054,0.7,22.140626,-100.915657,high,Seafood
766,135054,0.3,22.140626,-100.915657,high,Seafood
767,135054,0.3,22.140626,-100.915657,high,Seafood
768,135054,1.3,22.140626,-100.915657,high,Seafood
769,135026,0.0,22.148665,-101.001273,high,Bar
770,135026,0.0,22.148665,-101.001273,high,Bar_Pub_Brewery
771,135026,0.3,22.148665,-101.001273,high,Bar
772,135026,0.3,22.148665,-101.001273,high,Bar_Pub_Brewery
773,135026,2.7,22.148665,-101.001273,high,Bar
774,135026,2.7,22.148665,-101.001273,high,Bar_Pub_Brewery
775,135026,2.7,22.148665,-101.001273,high,Bar
776,135026,2.7,22.148665,-101.001273,high,Bar_Pub_Brewery
777,135026,0.0,22.148665,-101.001273,high,Bar
778,135026,0.0,22.148665,-101.001273,high,Bar_Pub_Brewery
779,135026,0.3,22.148665,-101.001273,high,Bar
780,135026,0.3,22.148665,-101.001273,high,Bar_Pub_Brewery
781,135026,2.7,22.148665,-101.001273,high,Bar
782,135026,2.7,22.148665,-101.001273,high,Bar_Pub_Brewery
783,135026,0.3,22.148665,-101.001273,high,Bar
784,135026,0.3,22.148665,-101.001273,high,Bar_Pub_Brewery
785,135026,0.0,22.148665,-101.001273,high,Bar
786,135026,0.0,22.148665,-101.001273,high,Bar_Pub_Brewery
787,135026,2.7,22.148665,-101.001273,high,Bar
788,135026,2.7,22.148665,-101.001273,high,Bar_Pub_Brewery
789,135026,2.7,22.148665,-101.001273,high,Bar
790,135026,2.7,22.148665,-101.001273,high,Bar_Pub_Brewery
791,135059,0.0,22.145108,-100.989547,medium,Bar
792,135059,0.0,22.145108,-100.989547,medium,Bar
793,135059,2.7,22.145108,-100.989547,medium,Bar
794,135059,0.7,22.145108,-100.989547,medium,Bar
795,135059,1.3,22.145108,-100.989547,medium,Bar
796,135059,0.7,22.145108,-100.989547,medium,Bar
797,135059,0.0,22.145108,-100.989547,medium,Bar
798,135059,0.7,22.145108,-100.989547,medium,Bar
799,135059,2.7,22.145108,-100.989547,medium,Bar
800,135079,0.7,22.156376,-100.998355,high,Chinese
801,135079,2.7,22.156376,-100.998355,high,Chinese
802,135079,0.7,22.156376,-100.998355,high,Chinese
803,135079,2.7,22.156376,-100.998355,high,Chinese
804,135079,1.3,22.156376,-100.998355,high,Chinese
805,135079,0.3,22.156376,-100.998355,high,Chinese
806,135079,0.0,22.156376,-100.998355,high,Chinese
807,135079,0.0,22.156376,-100.998355,high,Chinese
808,135079,2.7,22.156376,-100.998355,high,Chinese
809,135079,0.7,22.156376,-100.998355,high,Chinese
810,135079,0.0,22.156376,-100.998355,high,Chinese
811,135079,2.7,22.156376,-100.998355,high,Chinese
812,135079,0.0,22.156376,-100.998355,high,Chinese
813,135079,0.0,22.156376,-100.998355,high,Chinese
814,135079,0.0,22.156376,-100.998355,high,Chinese
815,135079,0.3,22.156376,-100.998355,high,Chinese
816,135079,0.0,22.156376,-100.998355,high,Chinese
817,135055,2.7,22.148854,-101.008472,high,Mexican
818,135055,2.7,22.148854,-101.008472,high,Mexican
819,135055,2.7,22.148854,-101.008472,high,Mexican
820,135055,0.0,22.148854,-101.008472,high,Mexican
821,135055,2.7,22.148854,-101.008472,high,Mexican
822,135055,2.7,22.148854,-101.008472,high,Mexican
823,135055,2.7,22.148854,-101.008472,high,Mexican
824,135073,0.7,22.147175,-100.97426899999999,high,Bar
825,135073,0.7,22.147175,-100.97426899999999,high,Bar_Pub_Brewery
826,135073,2.7,22.147175,-100.97426899999999,high,Bar
827,135073,2.7,22.147175,-100.97426899999999,high,Bar_Pub_Brewery
828,135073,0.0,22.147175,-100.97426899999999,high,Bar
829,135073,0.0,22.147175,-100.97426899999999,high,Bar_Pub_Brewery
830,135073,0.3,22.147175,-100.97426899999999,high,Bar
831,135073,0.3,22.147175,-100.97426899999999,high,Bar_Pub_Brewery
832,132834,2.7,22.156469,-100.98554,low,Mexican
833,132834,0.7,22.156469,-100.98554,low,Mexican
834,132834,0.3,22.156469,-100.98554,low,Mexican
835,132834,1.3,22.156469,-100.98554,low,Mexican
836,132834,0.3,22.156469,-100.98554,low,Mexican
837,132834,0.7,22.156469,-100.98554,low,Mexican
838,132834,0.7,22.156469,-100.98554,low,Mexican
839,132834,0.3,22.156469,-100.98554,low,Mexican
840,132834,1.3,22.156469,-100.98554,low,Mexican
841,132834,2.7,22.156469,-100.98554,low,Mexican
842,132834,2.7,22.156469,-100.98554,low,Mexican
843,132834,0.0,22.156469,-100.98554,low,Mexican
844,132834,0.0,22.156469,-100.98554,low,Mexican
845,132834,0.0,22.156469,-100.98554,low,Mexican
846,132834,0.0,22.156469,-100.98554,low,Mexican
847,132834,0.7,22.156469,-100.98554,low,Mexican
848,132834,0.3,22.156469,-100.98554,low,Mexican
849,132834,0.0,22.156469,-100.98554,low,Mexican
850,132834,0.0,22.156469,-100.98554,low,Mexican
851,132834,2.7,22.156469,-100.98554,low,Mexican
852,132834,0.0,22.156469,-100.98554,low,Mexican
853,132834,0.7,22.156469,-100.98554,low,Mexican
854,132834,0.0,22.156469,-100.98554,low,Mexican
855,132834,0.0,22.156469,-100.98554,low,Mexican
856,132834,0.0,22.156469,-100.98554,low,Mexican
857,132845,0.0,22.1262926,-100.90077640000001,medium,Mexican
858,132845,0.0,22.1262926,-100.90077640000001,medium,Mexican
859,132845,0.0,22.1262926,-100.90077640000001,medium,Mexican
860,132845,1.3,22.1262926,-100.90077640000001,medium,Mexican
861,132845,0.3,22.1262926,-100.90077640000001,medium,Mexican
862,132846,1.3,22.142273199999998,-100.94265370000001,low,International
863,132846,0.0,22.142273199999998,-100.94265370000001,low,International
864,132846,0.3,22.142273199999998,-100.94265370000001,low,International
865,132846,2.7,22.142273199999998,-100.94265370000001,low,International
866,132846,2.7,22.142273199999998,-100.94265370000001,low,International
867,132851,0.0,22.136872,-100.9345736,low,American
868,132851,0.0,22.136872,-100.9345736,low,Game
869,132851,0.0,22.136872,-100.9345736,low,American
870,132851,0.0,22.136872,-100.9345736,low,Game
871,132851,0.3,22.136872,-100.9345736,low,American
872,132851,0.3,22.136872,-100.9345736,low,Game
873,132851,0.0,22.136872,-100.9345736,low,American
874,132851,0.0,22.136872,-100.9345736,low,Game
875,132851,1.3,22.136872,-100.9345736,low,American
876,132851,1.3,22.136872,-100.9345736,low,Game
877,132851,0.3,22.136872,-100.9345736,low,American
878,132851,0.3,22.136872,-100.9345736,low,Game
879,132851,2.7,22.136872,-100.9345736,low,American
880,132851,2.7,22.136872,-100.9345736,low,Game
881,132854,1.3,22.1378633,-100.9383273,medium,International
882,132854,0.0,22.1378633,-100.9383273,medium,International
883,132854,1.3,22.1378633,-100.9383273,medium,International
884,132854,2.7,22.1378633,-100.9383273,medium,International
885,132854,0.0,22.1378633,-100.9383273,medium,International
886,132854,2.7,22.1378633,-100.9383273,medium,International
887,132856,0.0,22.1513782,-100.97463370000001,low,Italian
888,132856,2.7,22.1513782,-100.97463370000001,low,Italian
889,132856,0.0,22.1513782,-100.97463370000001,low,Italian
890,132856,0.0,22.1513782,-100.97463370000001,low,Italian
891,132856,0.0,22.1513782,-100.97463370000001,low,Italian
892,132856,1.3,22.1513782,-100.97463370000001,low,Italian
893,132856,2.7,22.1513782,-100.97463370000001,low,Italian
894,132856,0.0,22.1513782,-100.97463370000001,low,Italian
895,132856,2.7,22.1513782,-100.97463370000001,low,Italian
896,132856,0.0,22.1513782,-100.97463370000001,low,Italian
897,132856,0.0,22.1513782,-100.97463370000001,low,Italian
898,132856,0.0,22.1513782,-100.97463370000001,low,Italian
899,132856,0.3,22.1513782,-100.97463370000001,low,Italian
900,132856,0.7,22.1513782,-100.97463370000001,low,Italian
901,132858,0.0,22.1312917,-100.9371941,low,Burgers
902,132858,0.0,22.1312917,-100.9371941,low,Burgers
903,132858,0.7,22.1312917,-100.9371941,low,Burgers
904,132858,0.3,22.1312917,-100.9371941,low,Burgers
905,132858,0.0,22.1312917,-100.9371941,low,Burgers
906,132861,0.7,22.1480965,-101.0173023,medium,Burgers
907,132861,2.7,22.1480965,-101.0173023,medium,Burgers
908,132861,0.3,22.1480965,-101.0173023,medium,Burgers
909,132861,1.3,22.1480965,-101.0173023,medium,Burgers
910,132861,0.3,22.1480965,-101.0173023,medium,Burgers
911,132861,1.3,22.1480965,-101.0173023,medium,Burgers
912,132861,1.3,22.1480965,-101.0173023,medium,Burgers
913,132862,2.7,22.150642899999998,-100.9870148,high,International
914,132862,2.7,22.150642899999998,-100.9870148,high,International
915,132862,2.7,22.150642899999998,-100.9870148,high,International
916,132862,2.7,22.150642899999998,-100.9870148,high,International
917,132862,1.3,22.150642899999998,-100.9870148,high,International
918,132862,2.7,22.150642899999998,-100.9870148,high,International
919,132862,1.3,22.150642899999998,-100.9870148,high,International
920,132862,1.3,22.150642899999998,-100.9870148,high,International
921,132862,0.3,22.150642899999998,-100.9870148,high,International
922,132862,2.7,22.150642899999998,-100.9870148,high,International
923,132862,2.7,22.150642899999998,-100.9870148,high,International
924,132862,0.3,22.150642899999998,-100.9870148,high,International
925,132862,0.0,22.150642899999998,-100.9870148,high,International
926,132862,0.0,22.150642899999998,-100.9870148,high,International
927,132862,0.0,22.150642899999998,-100.9870148,high,International
928,132862,0.0,22.150642899999998,-100.9870148,high,International
929,132862,2.7,22.150642899999998,-100.9870148,high,International
930,132862,2.7,22.150642899999998,-100.9870148,high,International
931,135035,2.7,22.145813,-101.01803199999999,high,Italian
932,135035,2.7,22.145813,-101.01803199999999,high,Italian
933,135035,0.3,22.145813,-101.01803199999999,high,Italian
934,135035,0.3,22.145813,-101.01803199999999,high,Italian
935,132866,1.3,22.141219800000002,-100.93131070000001,medium,Bakery
936,132866,1.3,22.141219800000002,-100.93131070000001,medium,Cafeteria
937,132866,0.3,22.141219800000002,-100.93131070000001,medium,Bakery
938,132866,0.3,22.141219800000002,-100.93131070000001,medium,Cafeteria
939,132866,0.0,22.141219800000002,-100.93131070000001,medium,Bakery
940,132866,0.0,22.141219800000002,-100.93131070000001,medium,Cafeteria
941,132866,1.3,22.141219800000002,-100.93131070000001,medium,Bakery
942,132866,1.3,22.141219800000002,-100.93131070000001,medium,Cafeteria
943,132866,2.7,22.141219800000002,-100.93131070000001,medium,Bakery
944,132866,2.7,22.141219800000002,-100.93131070000001,medium,Cafeteria
945,132869,1.3,22.1412384,-100.9239252,medium,Pizzeria
946,132869,0.3,22.1412384,-100.9239252,medium,Pizzeria
947,132869,0.0,22.1412384,-100.9239252,medium,Pizzeria
948,132869,0.7,22.1412384,-100.9239252,medium,Pizzeria
949,132869,2.7,22.1412384,-100.9239252,medium,Pizzeria
950,132869,0.7,22.1412384,-100.9239252,medium,Pizzeria
951,132870,0.3,22.1430781,-100.9354788,low,Burgers
952,132870,0.0,22.1430781,-100.9354788,low,Burgers
953,132870,0.0,22.1430781,-100.9354788,low,Burgers
954,132870,0.0,22.1430781,-100.9354788,low,Burgers
955,132870,0.0,22.1430781,-100.9354788,low,Burgers
956,132875,0.0,22.1499013,-100.9937793,high,Japanese
957,132875,1.3,22.1499013,-100.9937793,high,Japanese
958,132875,0.3,22.1499013,-100.9937793,high,Japanese
959,132875,1.3,22.1499013,-100.9937793,high,Japanese
960,132875,0.3,22.1499013,-100.9937793,high,Japanese
961,132875,0.0,22.1499013,-100.9937793,high,Japanese
962,132875,2.7,22.1499013,-100.9937793,high,Japanese
963,132875,2.7,22.1499013,-100.9937793,high,Japanese
964,132872,1.3,22.173595499999998,-100.9946027,medium,American
965,132872,0.7,22.173595499999998,-100.9946027,medium,American
966,132872,0.0,22.173595499999998,-100.9946027,medium,American
967,132872,0.0,22.173595499999998,-100.9946027,medium,American
968,132872,0.3,22.173595499999998,-100.9946027,medium,American
969,132872,0.0,22.173595499999998,-100.9946027,medium,American
970,132872,0.3,22.173595499999998,-100.9946027,medium,American
971,132872,2.7,22.173595499999998,-100.9946027,medium,American
972,132872,0.3,22.173595499999998,-100.9946027,medium,American
973,132872,0.3,22.173595499999998,-100.9946027,medium,American
974,132872,0.3,22.173595499999998,-100.9946027,medium,American
975,132872,1.3,22.173595499999998,-100.9946027,medium,American
976,132885,0.3,22.1795169,-100.9584358,low,Cafeteria
977,132885,0.0,22.1795169,-100.9584358,low,Cafeteria
978,132885,0.0,22.1795169,-100.9584358,low,Cafeteria
979,132885,0.0,22.1795169,-100.9584358,low,Cafeteria
980,132885,0.3,22.1795169,-100.9584358,low,Cafeteria
981,132921,1.3,22.150305,-100.98913370000001,low,Bar
982,132921,1.3,22.150305,-100.98913370000001,low,Bar
983,132921,0.7,22.150305,-100.98913370000001,low,Bar
984,132921,0.7,22.150305,-100.98913370000001,low,Bar
985,132921,0.3,22.150305,-100.98913370000001,low,Bar
986,132921,0.3,22.150305,-100.98913370000001,low,Bar
987,132921,0.3,22.150305,-100.98913370000001,low,Bar
988,132921,0.3,22.150305,-100.98913370000001,low,Bar
989,132921,0.0,22.150305,-100.98913370000001,low,Bar
990,132921,0.7,22.150305,-100.98913370000001,low,Bar
991,132921,1.3,22.150305,-100.98913370000001,low,Bar
992,132921,0.0,22.150305,-100.98913370000001,low,Bar
993,132921,0.0,22.150305,-100.98913370000001,low,Bar
994,132921,1.3,22.150305,-100.98913370000001,low,Bar
995,132921,0.0,22.150305,-100.98913370000001,low,Bar
996,132921,0.7,22.150305,-100.98913370000001,low,Bar
997,132921,2.7,22.150305,-100.98913370000001,low,Bar
998,132922,2.7,22.1511348,-100.9823115,medium,Cafeteria
999,132922,2.7,22.1511348,-100.9823115,medium,Cafeteria
1000,132922,0.3,22.1511348,-100.9823115,medium,Cafeteria
1001,132922,1.3,22.1511348,-100.9823115,medium,Cafeteria
1002,132922,2.7,22.1511348,-100.9823115,medium,Cafeteria
1003,132922,1.3,22.1511348,-100.9823115,medium,Cafeteria
1004,132925,0.7,22.1534997,-100.97624300000001,medium,Mexican
1005,132925,0.3,22.1534997,-100.97624300000001,medium,Mexican
1006,132925,2.7,22.1534997,-100.97624300000001,medium,Mexican
1007,132925,0.0,22.1534997,-100.97624300000001,medium,Mexican
1008,132925,0.7,22.1534997,-100.97624300000001,medium,Mexican
1009,132951,0.0,22.1544736,-100.98580909999998,low,American
1010,132951,0.3,22.1544736,-100.98580909999998,low,American
1011,132951,0.3,22.1544736,-100.98580909999998,low,American
1012,132951,0.3,22.1544736,-100.98580909999998,low,American
1013,132951,2.7,22.1544736,-100.98580909999998,low,American
1014,132951,0.0,22.1544736,-100.98580909999998,low,American
1015,132951,0.7,22.1544736,-100.98580909999998,low,American
1016,132951,0.0,22.1544736,-100.98580909999998,low,American
1017,132951,0.0,22.1544736,-100.98580909999998,low,American
1018,132951,2.7,22.1544736,-100.98580909999998,low,American
1019,132937,1.3,22.1500193,-100.9799203,low,Bar
1020,132937,0.3,22.1500193,-100.9799203,low,Bar
1021,132937,0.3,22.1500193,-100.9799203,low,Bar
1022,132937,0.0,22.1500193,-100.9799203,low,Bar
1023,132954,2.7,22.160380800000002,-100.9880447,medium,Breakfast-Brunch
1024,132954,0.0,22.160380800000002,-100.9880447,medium,Breakfast-Brunch
1025,132954,2.7,22.160380800000002,-100.9880447,medium,Breakfast-Brunch
1026,132954,0.0,22.160380800000002,-100.9880447,medium,Breakfast-Brunch
1027,132954,1.3,22.160380800000002,-100.9880447,medium,Breakfast-Brunch
1028,132954,0.0,22.160380800000002,-100.9880447,medium,Breakfast-Brunch
1029,132954,0.0,22.160380800000002,-100.9880447,medium,Breakfast-Brunch
1030,132954,0.3,22.160380800000002,-100.9880447,medium,Breakfast-Brunch
1031,132954,0.0,22.160380800000002,-100.9880447,medium,Breakfast-Brunch
1032,132955,2.7,22.147622,-101.01027490000001,low,Bar_Pub_Brewery
1033,132955,2.7,22.147622,-101.01027490000001,low,Bar_Pub_Brewery
1034,132955,1.3,22.147622,-101.01027490000001,low,Bar_Pub_Brewery
1035,132955,1.3,22.147622,-101.01027490000001,low,Bar_Pub_Brewery
1036,132955,2.7,22.147622,-101.01027490000001,low,Bar_Pub_Brewery
1037,132958,2.7,22.1449787,-101.0056829,low,American
1038,132958,2.7,22.1449787,-101.0056829,low,American
1039,132958,0.0,22.1449787,-101.0056829,low,American
1040,132958,0.7,22.1449787,-101.0056829,low,American
1041,132958,1.3,22.1449787,-101.0056829,low,American
1042,132958,2.7,22.1449787,-101.0056829,low,American
